/*file script chay du lieu*/

/*Báng Học sinh sinh viên */
insert into HOCSINHSINHVIEN values('HS0000001','123456789013','Đại học Công Nghệ Thông Tin','Tân Lập, Đông Hòa, Dĩ An, Bình Dương','13-02-2018','23-07-2018','');
insert into HOCSINHSINHVIEN values('HS0000002','123456789019','THCS Lê Văn Tám','Khu Phố 6, Phường Linh Trung, Quận Thủ Đức, TP Hồ Chí Minh','22-02-2018','01-12-2018','Trộm cướp');
insert into HOCSINHSINHVIEN values('HS0000003','123456789018','Đại học Khoa Học Tự Nhiên','Tân Lập, Đông Hòa, Dĩ An, Bình Dương','01-02-2018','01-05-2018','');

/*Báng Nhân khẩu */
insert into NHANKHAU values('123456789011','Phan Văn Tùng','','01-11-1980','Nam','Tân Lập, Đông Hòa, Dĩ An, Bình Dương','Tân Lập, Đông Hòa, Dĩ An, Bình Dương','Kinh','Không','Việt Nam','','Tân Lập, Đông Hòa, Dĩ An, Bình Dương','Tân Lập, Đông Hòa, Dĩ An, Bình Dương','0123456789','12/12','Bác sĩ','','A','Công chức nhà nước');
insert into NHANKHAU values('123456789012','Lê Thùy Trang','Moon','01-04-1982','Nữ','Tân Lập, Đông Hòa, Dĩ An, Bình Dương','Tân Lập, Đông Hòa, Dĩ An, Bình Dương','Kinh','Không','Việt Nam','','Tân Lập, Đông Hòa, Dĩ An, Bình Dương','Tân Lập, Đông Hòa, Dĩ An, Bình Dương','0123456788','12/12','','','Pháp','Công chức nhà nước');
insert into NHANKHAU values('123456789013','Phan Thùy Nhi','','29-05-2000','Nữ','Tân Lập, Đông Hòa, Dĩ An, Bình Dương','Tân Lập, Đông Hòa, Dĩ An, Bình Dương','Kinh','Phật giáo','Việt Nam','','Tân Lập, Đông Hòa, Dĩ An, Bình Dương','Tân Lập, Đông Hòa, Dĩ An, Bình Dương','0123456787','12/12','','','A','Sinh viên');
insert into NHANKHAU values('123456789014','Hà Tùng Mậu','','02-05-1990','Nam','Tân Lập, Đông Hòa, Dĩ An, Bình Dương','Tân Lập, Đông Hòa, Dĩ An, Bình Dương','Kinh','Không','Việt Nam','','Tân Lập, Đông Hòa, Dĩ An, Bình Dương','Tân Lập, Đông Hòa, Dĩ An, Bình Dương','0123456786','12/12','','','','Tài xế');
insert into NHANKHAU values('123456789015','Hà Thanh Nhân','','07-01-1997','Nam','Tân Lập, Đông Hòa, Dĩ An, Bình Dương','Tân Lập, Đông Hòa, Dĩ An, Bình Dương','Ê Đê','Không','Việt Nam','','Tân Lập, Đông Hòa, Dĩ An, Bình Dương','Tân Lập, Đông Hòa, Dĩ An, Bình Dương','0123456785','12/12','Giáo sư','','Nhật','Nông dân');
insert into NHANKHAU values('123456789016','Đặng Minh Tiến','','15-07-1997','Nam','Khu Phố 6, Phường Linh Trung, Quận Thủ Đức, TP Hồ Chí Minh','Khu Phố 6, Phường Linh Trung, Quận Thủ Đức, TP Hồ Chí Minh','Kinh','Không','Việt Nam','','Khu Phố 6, Phường Linh Trung, Quận Thủ Đức, TP Hồ Chí Minh','Tân Lập, Đông Hòa, Dĩ An, Bình Dương','0123456784','12/12','Kỹ sư','','A','Bác sĩ');
insert into NHANKHAU values('123456789017','Nguyễn Thu Hồng','','01-09-1987','Nữ','Khu Phố 6, Phường Linh Trung, Quận Thủ Đức, TP Hồ Chí Minh','Khu Phố 6, Phường Linh Trung, Quận Thủ Đức, TP Hồ Chí Minh','Kinh','Phật giáo','Việt Nam','','Khu Phố 6, Phường Linh Trung, Quận Thủ Đức, TP Hồ Chí Minh','Tân Lập, Đông Hòa, Dĩ An, Bình Dương','0123456783','9/12','','','Nga','Nghề tự do');
insert into NHANKHAU values('123456789018','Đào Quang Nhật','','25-10-1977','Nam','Khu Phố 6, Phường Linh Trung, Quận Thủ Đức, TP Hồ Chí Minh','Khu Phố 6, Phường Linh Trung, Quận Thủ Đức, TP Hồ Chí Minh','Kinh','Không','Việt Nam','','Khu Phố 6, Phường Linh Trung, Quận Thủ Đức, TP Hồ Chí Minh','Tân Lập, Đông Hòa, Dĩ An, Bình Dương','0123456782','12/12','','','','Sinh viên');

/*Báng Nhân khẩu tạm vắng */
insert into NHANKHAUTAMVANG values('TV0000001','123456789015','01-01-2018','01-12-2019','Đi nghĩa vụ quân sự');
insert into NHANKHAUTAMVANG values('TV0000002','123456789017','01-01-2018','01-12-2019','Đi tù');

/*Báng Sổ tạm trú */
insert into SOTAMTRU values('ST0000001','TT0000001','Tân Lập, Đông Hòa, Dĩ An, Bình Dương','01-01-2018','01-10-2018');
insert into SOTAMTRU values('ST0000002','TT0000003','Tân Lập, Đông Hòa, Dĩ An, Bình Dương','01-01-2018','01-12-2018');

/*Báng Nhân khẩu tạm trú */
insert into NHANKHAUTAMTRU values('TT0000001','123456789016','Tân Lập, Đông Hòa, Dĩ An, Bình Dương','01-01-2018','01-06-2018','Đi làm','ST0000001');
insert into NHANKHAUTAMTRU values('TT0000002','123456789017','Tân Lập, Đông Hòa, Dĩ An, Bình Dương','01-01-2018','01-06-2018','Đi làm','ST0000001');
insert into NHANKHAUTAMTRU values('TT0000003','123456789018','Tân Lập, Đông Hòa, Dĩ An, Bình Dương','01-01-2018','01-06-2018','Đi học','ST0000002');

/*Báng Sổ hộ khẩu */
insert into SOHOKHAU values('SH0000001','TH0000001','Tân Lập, Đông Hòa, Dĩ An, Bình Dương','01-01-2018');
insert into SOHOKHAU values('SH0000002','TH0000004','Tân Lập, Đông Hòa, Dĩ An, Bình Dương','01-01-2018');

/*Báng Nhân khẩu thường trú */
insert into NHANKHAUTHUONGTRU values('TH0000001','123456789011','Tân Lập, Đông Hòa, Dĩ An, Bình Dương','','SH0000001');
insert into NHANKHAUTHUONGTRU values('TH0000002','123456789012','Tân Lập, Đông Hòa, Dĩ An, Bình Dương','Vợ','SH0000001');
insert into NHANKHAUTHUONGTRU values('TH0000003','123456789013','Tân Lập, Đông Hòa, Dĩ An, Bình Dương','Con','SH0000001');
insert into NHANKHAUTHUONGTRU values('TH0000004','123456789014','Tân Lập, Đông Hòa, Dĩ An, Bình Dương','','SH0000002');
insert into NHANKHAUTHUONGTRU values('TH0000005','123456789015','Tân Lập, Đông Hòa, Dĩ An, Bình Dương','Con','SH0000002');

/*Báng Tiểu sử */
insert into TIEUSU values('TS0000001','123456789011','01-01-2017','01-01-2018','Tân Lập, Đông Hòa, Dĩ An, Bình Dương','Công chức nhà nước','Tân Lập, Đông Hòa, Dĩ An, Bình Dương');
insert into TIEUSU values('TS0000002','123456789012','01-01-2017','01-01-2018','Tân Lập, Đông Hòa, Dĩ An, Bình Dương','Công chức nhà nước','Tân Lập, Đông Hòa, Dĩ An, Bình Dương');
insert into TIEUSU values('TS0000003','123456789013','01-01-2017','01-01-2018','Tân Lập, Đông Hòa, Dĩ An, Bình Dương','Sinh viên','An Hòa, Đông Hòa, Dĩ An, Bình Dương');
insert into TIEUSU values('TS0000004','123456789014','01-01-2017','01-01-2018','Tân Lập, Đông Hòa, Dĩ An, Bình Dương','Tài xế','Tân Lập, Đông Hòa, Dĩ An, Bình Dương');
insert into TIEUSU values('TS0000005','123456789015','01-01-2017','01-01-2018','Tân Lập, Đông Hòa, Dĩ An, Bình Dương','Nông dân','Tân Lập, Đông Hòa, Dĩ An, Bình Dương');
insert into TIEUSU values('TS0000006','123456789016','01-01-2017','01-01-2018','Khu Phố 6, Phường Linh Trung, Quận Thủ Đức, TP Hồ Chí Minh','Bác sĩ','Khu Phố 6, Phường Linh Trung, Quận Thủ Đức, TP Hồ Chí Minh');
insert into TIEUSU values('TS0000007','123456789017','01-01-2017','01-01-2018','Khu Phố 6, Phường Linh Trung, Quận Thủ Đức, TP Hồ Chí Minh','Nghề tự do','Khu Phố 6, Phường Linh Trung, Quận Thủ Đức, TP Hồ Chí Minh');
insert into TIEUSU values('TS0000008','123456789018','01-01-2017','01-01-2018','Khu Phố 6, Phường Linh Trung, Quận Thủ Đức, TP Hồ Chí Minh','Học sinh','Khu Phố 6, Phường Linh Trung, Quận Thủ Đức, TP Hồ Chí Minh');

/*Báng Tiền án tiền sự */
insert into TIENAN values('TA0000001','123456789011','','','','');
insert into TIENAN values('TA0000002','123456789012','','','','');
insert into TIENAN values('TA0000003','123456789013','','','','');
insert into TIENAN values('TA0000004','123456789014','Gây rối trật tự công cộng','Phạt hành chính','','01-01-2018');
insert into TIENAN values('TA0000005','123456789015','Vi phạm luật giao thông','phạt hành chính','','01-01-2018');
insert into TIENAN values('TA0000006','123456789016','','','','');
insert into TIENAN values('TA0000007','123456789017','Lừa đảo','Đi tù','BA0001','01-01-2018');
insert into TIENAN values('TA0000008','123456789018','','','','');

/*Báng Cán bộ */
insert into CANBO values('CB0000001','TH0000001','cbdl01','123','0');
insert into CANBO values('CB0000002','TH0000002','cbhk01','123','1');